Name,Handle,Media URL,Retweets,Likes,Comments,Views,Tweet URL,Profile Link,Post Body,Date,Timestamp
ria,@coluvraiah,"https://pbs.twimg.com/media/GTQiAdRbgAAiD-4?format=jpg&name=small, https://pbs.twimg.com/media/GTQiAdRbgAAiD-4?format=jpg&name=small",416,181,3,12K,https://x.com/coluvraiah/status/1816113963563901401,https://x.com/coluvraiah,"PLS SPREAD PO NEED NG RESCUE  #TyphoonCarina #CarinaPH 

umaga palang daw po ay nananawagan na sila sa Cainta Rizal officials to rescue their family, until now wala pang update at may mga bata po :((( 

LOCATION: 3rd St gruar subdivision brgy Santo Domingo cainta Rizal",Jul 24,2024-07-24T14:11:25.000Z
Jon Phenom,@jonphenom,https://pbs.twimg.com/ext_tw_video_thumb/1825692299143081984/pu/img/7vj1T_qLhNEL7Fv-.jpg,,1,,63,https://x.com/jonphenom/status/1825692445587263759,https://x.com/jonphenom,Stuck in my airbnb Day 2 #TyphoonCarina   in #manila #mandaluyong #philippines,Aug 19,2024-08-20T00:32:53.000Z
Wxffles,@wxffles_eth,"https://pbs.twimg.com/media/GTQAnf4bIAA8nmY?format=jpg&name=small, https://pbs.twimg.com/media/GTQAnf4bIAA8nmY?format=jpg&name=small",2,34,16,621,https://x.com/wxffles_eth/status/1816077243338338653,https://x.com/wxffles_eth,gm  Hope everyone from the PH is safe  Go away #TyphoonCarina,Jul 24,2024-07-24T11:45:30.000Z
Jon Phenom,@jonphenom,https://pbs.twimg.com/ext_tw_video_thumb/1825363875719430145/pu/img/72UrTuX3wKNvf6G7.jpg,,,,76,https://x.com/jonphenom/status/1825364092883706044,https://x.com/jonphenom,Tokyo > Puerto Princesa > Cebu City> Manila  And now #TyphoonCarina  in #manila   #mandaluyong #philippines,Aug 18,2024-08-19T02:48:08.000Z
Bayanihan Today,@BayanihanToday,https://pbs.twimg.com/ext_tw_video_thumb/1825493881485709312/pu/img/mVEkt8Yeuo2eGvIr.jpg,,5,1,190,https://x.com/BayanihanToday/status/1825495867958407288,https://x.com/BayanihanToday,"The UAE has generously sent medical aid to the Philippines for COVID-19 and an aid plane to help with the aftermath of Typhoon Carinaâ€™s floods.
A great example of international solidarity and support during these challenging times.
Thank you
 #TyphoonCarina #HumanitarianAid",Aug 19,2024-08-19T11:31:45.000Z
bibi,@shuartcake,"https://pbs.twimg.com/media/GTUMhf8bQAA2T5K?format=jpg&name=360x360, https://pbs.twimg.com/media/GTUMhf8bQAA2T5K?format=jpg&name=360x360",200,170,6,25K,https://x.com/shuartcake/status/1816371803281056232,https://x.com/shuartcake,"Help raise funds for the victims of Super Typhoon #CarinaPH through this Non-Profit Paid Raffle Event

 P10 per slot

- like&rt
- all raised funds will be sent to @angatbuhay_ph @kadamayph @SWSFoundationPH 

Donation Form: https://docs.google.com/forms/d/e/1FAIpQLSccDMwNzpnfYL7NxHvO9E7w8iuvLMV_wCfllbLH3q0f0VGv6w/viewformâ€¦

#RescuePH #TyphoonCarina",Jul 25,2024-07-25T07:15:59.000Z
Pusang Gala,@pusanggala007,"https://pbs.twimg.com/media/GTwlCZ4bwAMKWGn?format=jpg&name=small, https://pbs.twimg.com/media/GTwlCZ4bwAMKWGn?format=jpg&name=small",82,192,5,4.9K,https://x.com/pusanggala007/status/1818370229388616089,https://x.com/pusanggala007,Reality check.  #TyphoonCarina #BagongPilipinas #editorialcartoon #art,Jul 30,2024-07-30T19:37:01.000Z
cappie  l ia,@belaibunny,"https://pbs.twimg.com/media/GTPcY2maYAITEjm?format=jpg&name=small, https://pbs.twimg.com/media/GTPcY2maYAITEjm?format=jpg&name=small",13,5,,427,https://x.com/belaibunny/status/1816037396770873649,https://x.com/belaibunny,"saw this on fb po, nag-ooffer po sila ng matutuluyan. pls help rt

#CarinaPH #TyphoonCarina",Jul 24,2024-07-24T09:07:10.000Z
PARA sa #TanggolPasada,@PARA_AIT,"https://pbs.twimg.com/media/GTTvqieb0AACwH1?format=jpg&name=small, https://pbs.twimg.com/media/GTTvqieb0AACwH1?format=jpg&name=small",12,12,1,424,https://x.com/PARA_AIT/status/1816340194125308406,https://x.com/PARA_AIT,"Relief packs PARA sa JEEPNEY OPERATORS AND DRIVERS affected by the #TyphoonCarina

Magkaisa tayo, mga commuters at transport workers upang suportahan ang mga napinsala ng Bagyong #CarinaPH",Jul 24,2024-07-25T05:10:22.000Z
PabzkyJah(PUYAT),@sor43542,"https://pbs.twimg.com/media/GTZBbV3XEAAyDQY?format=jpg&name=small, https://pbs.twimg.com/media/GTZBbV3XEAAyDQY?format=jpg&name=small",38,57,,1.2K,https://x.com/sor43542/status/1816711452025110911,https://x.com/sor43542,"Ty po sa lahat ng mga nagshare ng blessings ....
Mamimigay po tau ng 200 packs of relief goods sa Marikina Area pra sa mga nasalanta ng #TyphoonCarina 

(Rice, biscuits, noodles, mineral water,canned goods, coffee, shampoo, bathsoap)
#SB19
@SB19Official
@imszmc 
@Puregold_PH",Jul 25,2024-07-26T05:45:37.000Z
The Wallflower,@potatojin16,"https://pbs.twimg.com/media/GTV4LWEbcAANGOO?format=jpg&name=small, https://pbs.twimg.com/media/GTV4LWEbcAANGOO?format=jpg&name=small",2,5,3,216,https://x.com/potatojin16/status/1816490177424191733,https://x.com/potatojin16,"Flooded. 

Help 
#TyphoonCarina #typhoon #Philippines",Jul 25,2024-07-25T15:06:21.000Z
KimPau Universe Official,@KimpauUniverse,https://pbs.twimg.com/ext_tw_video_thumb/1817440393925206017/pu/img/uwwj5pdowcnQk71x.jpg,31,169,1,3.5K,https://x.com/KimpauUniverse/status/1817440623261290845,https://x.com/KimpauUniverse,"Marilao Bulacan #TyphoonCarina victims 

Courtesy to all KimPau Universe sponsors.

Thank you and God bless us all.

KIMPAU HapiTWOgether OnASAP

#ASAPMostWanted 
#KimPau #PauloAvelino #KimChiu",Jul 27,2024-07-28T06:03:05.000Z
Gabriela Women's Party,@GabrielaWomenPL,"https://pbs.twimg.com/media/GUlyIVfbkAAqSwh?format=jpg&name=360x360, https://pbs.twimg.com/media/GUlyIVfbkAAqSwh?format=jpg&name=360x360",13,22,1,853,https://x.com/GabrielaWomenPL/status/1822113024087580976,https://x.com/GabrielaWomenPL,"Namigay ng 500 relief packs ang Gabriela Women's Party para sa mga pamilyang nasalanta ng #TyphoonCarina sa Cavite.

Patuloy ang panawagan ng kababaihan na itigil ang development aggression sa mga komunidad na nagpapatindi ng epekto ng sakuna.",Aug 9,2024-08-10T03:29:32.000Z
SAKA,@PilipinasSaka,"https://pbs.twimg.com/media/GTd7e8BbkAAifA9?format=jpg&name=small, https://pbs.twimg.com/media/GTd7e8BbkAAifA9?format=jpg&name=small",13,26,2,3K,https://x.com/PilipinasSaka/status/1817056754892484630,https://x.com/PilipinasSaka,"Thanks to friends and allies around the world who have contributed to our call for donations. Your support has provided a relief supply of rice and other goods to several communities.

#TyphoonCarina #CarinaPH",Jul 26,2024-07-27T04:37:44.000Z
Jon Phenom,@jonphenom,"https://pbs.twimg.com/ext_tw_video_thumb/1826062993123102720/pu/img/o8dsfrPemFW2HKMy.jpg, https://pbs.twimg.com/ext_tw_video_thumb/1826062993123102720/pu/img/o8dsfrPemFW2HKMy.jpg, https://pbs.twimg.com/ext_tw_video_thumb/1826062993123102720/pu/img/o8dsfrPemFW2HKMy.jpg",,,,27,https://x.com/jonphenom/status/1826063179438326204,https://x.com/jonphenom,Drove through #TyphoonCarina to meet Marvin @mcmarvin143 Designer at ONLV (One Love Co.) founder at High Standard Cut & Sew   in #cavite #dasmariÃ±as #philippines,Aug 20,2024-08-21T01:06:03.000Z
BAYAN MUNA Partylist,@BayanMuna,"https://pbs.twimg.com/ext_tw_video_thumb/1822485422792167424/pu/img/3A22GaT9A7XubIWt.jpg, https://pbs.twimg.com/ext_tw_video_thumb/1822485422792167424/pu/img/3A22GaT9A7XubIWt.jpg, https://pbs.twimg.com/ext_tw_video_thumb/1822485422792167424/pu/img/3A22GaT9A7XubIWt.jpg",1,3,,125,https://x.com/BayanMuna/status/1822485463418220807,https://x.com/BayanMuna,"Bayanihan sa Kasiglahan [Aug 10, 2024 Relief Operation] Dahil sa pagtutulungan, matagumpay ang ating relief ops para sa mga nasalanta ng #TyphoonCarina. Maraming salamat sa donors & volunteers! Tuloy ang ating laban para ipagtanggol ang kalikasan at wastong paggamit ng pondo ng",Aug 10,2024-08-11T04:09:29.000Z
"angelina, RPm",@cupofcoj,"https://pbs.twimg.com/media/GTqKaJgbYAABffL?format=jpg&name=360x360, https://pbs.twimg.com/media/GTqKaJgbYAABffL?format=jpg&name=360x360",8,15,1,945,https://x.com/cupofcoj/status/1817917596433600671,https://x.com/cupofcoj,"Total donations for #TyphoonCarina as of July 29, 9:30 PM - Php 2,600

Maraming salamat po sa lahat ng nagdonate at tumulong! We already transferred the amount to Tanging Yaman Foundation for mobilization.

From the bottom of our hearts, tysm! 

#ReliefPH @angatbuhay_ph",Jul 29,2024-07-29T13:38:24.000Z
YS YAKLAÅIYOR,@YsYaklasiyor,"https://pbs.twimg.com/ext_tw_video_thumb/1816583106532421632/pu/img/g-CPLZpPaNVSWxHc.jpg, https://pbs.twimg.com/ext_tw_video_thumb/1816583106532421632/pu/img/g-CPLZpPaNVSWxHc.jpg, https://pbs.twimg.com/ext_tw_video_thumb/1816583106532421632/pu/img/g-CPLZpPaNVSWxHc.jpg",3,57,,746,https://x.com/YsYaklasiyor/status/1816583201516818678,https://x.com/YsYaklasiyor,"Tayvan ve Filipinler'de #CarinaPh olarak da bilinen #Gaemi tayfunu yÄ±kÄ±ma neden oldu. Åiddetli yaÄŸÄ±ÅŸ ve fÄ±rtÄ±na yaÅŸandÄ±. 
via:DisasterNews-24/07/24

#TyphoonCarina #TyphoonGaemi #FloodAlert #Taiwan #Philippines #BreakingNewsâ€Œ #SonDakika",Jul 25,2024-07-25T21:16:00.000Z
Sudarshan_World,@Sudarshan_World,"https://pbs.twimg.com/media/GTUyvDoaUAAg8bp?format=jpg&name=small, https://pbs.twimg.com/media/GTUyvDoaUAAg8bp?format=jpg&name=small",,,,18,https://x.com/Sudarshan_World/status/1816413818890690827,https://x.com/Sudarshan_World,"Ship with nine crew sinks off Taiwan as typhoon hits
#Taiwan #TyphoonCarina",Jul 25,2024-07-25T10:02:56.000Z
Philippine Air Force,@PhilAirForce,https://pbs.twimg.com/ext_tw_video_thumb/1816106228201971714/pu/img/g1JFNkYGCrQibfhV.jpg,3,9,1,431,https://x.com/PhilAirForce/status/1816106269712998624,https://x.com/PhilAirForce,"YOUR AIR FORCE IN ACTION | PAF 505th Search and Rescue Group and 520th Air Base Group Mobilizes for Typhoon Carina and Habagat Response Efforts

#AcceleratewithExcellence #GuardiansofourPreciousSkies #PAFyoucanTrust #AFPyoucanTrust #StrongAirForceStrongPHILIPPINES #TyphoonCarina",Jul 24,2024-07-24T13:40:50.000Z
Maricel Halili,@halili_maricel,"https://pbs.twimg.com/ext_tw_video_thumb/1817177533412241408/pu/img/0cLOw4dUqX9xRTGo.jpg, https://pbs.twimg.com/ext_tw_video_thumb/1817177533412241408/pu/img/0cLOw4dUqX9xRTGo.jpg, https://pbs.twimg.com/ext_tw_video_thumb/1817177533412241408/pu/img/0cLOw4dUqX9xRTGo.jpg",,,,274,https://x.com/halili_maricel/status/1817177572884754673,https://x.com/halili_maricel,"President Marcos is in San Mateo, Rizal to check the situation in the area @News5PH #TyphoonCarina",Jul 27,2024-07-27T12:37:49.000Z
Nabitiaâ·â¼Â¹ blooms like Yoongi |ì•„í¬ë°©í¬ (SLOW),@nabitia_,"https://pbs.twimg.com/media/GTR5Em2WYAI09C6?format=jpg&name=small, https://pbs.twimg.com/media/GTR5Em2WYAI09C6?format=jpg&name=small",9,9,,455,https://x.com/nabitia_/status/1816209692315824512,https://x.com/nabitia_,"If you can help or spread
#TyphoonCarina 

Thank you @OnlyBangtanPH",Jul 24,2024-07-24T20:31:48.000Z
Light Rail Manila Corporation,@officialLRT1,"https://pbs.twimg.com/media/GTUtPROa4AAxfHd?format=jpg&name=small, https://pbs.twimg.com/media/GTUtPROa4AAxfHd?format=jpg&name=small",,3,,1.8K,https://x.com/officialLRT1/status/1816407881010557317,https://x.com/officialLRT1,"REMINDER: The last train today, July 25, from Baclaran Station is scheduled to leave at 9:30 PM, while the last trip from Fernando Poe Jr. Station is at 9:45 PM following the suspension of government work and classes in all levels. Ingat po sa biyahe!  #LRT1 #TyphoonCarina",Jul 25,2024-07-25T09:39:20.000Z
KimPau Universe Official,@KimpauUniverse,"https://pbs.twimg.com/media/GTucdg2aYAMdW9m?format=jpg&name=small, https://pbs.twimg.com/media/GTucdg2aYAMdW9m?format=jpg&name=small",94,285,2,7.3K,https://x.com/KimpauUniverse/status/1818219088449273982,https://x.com/KimpauUniverse,"Batch 3 #TyphoonCarina Mission: Successful 

Another 40 families were given 5kls of rice each at Abanagan Sur Bulacan.

To everyone who made this possible may God Bless you a thousand folds.

#KimPau #KimChiu #PauloAvelino",Jul 30,2024-07-30T09:36:26.000Z
Victory,@victoryph,https://pbs.twimg.com/media/GTT620haYAIES8q?format=jpg&name=360x360,8,13,,729,https://x.com/victoryph/status/1816352379236954521,https://x.com/victoryph,"Continue to pray for peace, comfort, and safety for every family who has been affected by Typhoon Carina.

#TyphoonCarina

#PrayforthePhilippines",Jul 24,2024-07-25T05:58:48.000Z
Kieran Bhatia,@BhatiaKieran,"https://pbs.twimg.com/media/GTV_Aa4XMAAQHN0?format=jpg&name=small, https://pbs.twimg.com/media/GTV_Aa4XMAAQHN0?format=jpg&name=small",2,5,,14K,https://x.com/BhatiaKieran/status/1816497677447643549,https://x.com/BhatiaKieran,"According to https://cwa.gov.tw/V8/E/P/Rainfall/Rainfall_10Min_County.html#center-contentâ€¦, there are 50+ stations with over a meter of rain (~40 inches) in the last 2 days from #TyphoonGaemi #TyphoonCarina. Near annual average! #ECMWF 06z forecast shows more rain expected for #Taiwan. Top 20 stations plotted- 1 station with 5.5 ft!",Jul 25,2024-07-25T15:36:09.000Z
YOLO Twins Logan Ollores,@LoganYOLO,,,4,2,84,https://x.com/LoganYOLO/status/1816344477600211332,https://x.com/LoganYOLO,Our house is flooded but I hope everyone else has a better situation. Stay Safe y'all  #TyphoonCarina,Jul 24,2024-07-25T05:27:24.000Z
BAYAN MUNA Partylist,@BayanMuna,"https://pbs.twimg.com/media/GUlbladacAAJk6O?format=jpg&name=small, https://pbs.twimg.com/media/GUlbladacAAJk6O?format=jpg&name=small",2,22,,3K,https://x.com/BayanMuna/status/1822088783497736647,https://x.com/BayanMuna,"BAYANIHAN PARA SA BAYAN!  | Tuloy ang relief distribution kasabay ng masarap at mainit na lugaw ngayong maulang umaga!
Maraming salamat po sa mga donors at volunteers ng Bayang Matulungin!
#ReliefPH #typhooncarina #bayanihan
 @BMatulungin",Aug 9,2024-08-10T01:53:13.000Z
Pearls Official,@PHPPearls,,17,25,,779,https://x.com/PHPPearls/status/1815925006976835716,https://x.com/PHPPearls,"Stay safe and dry, everyone!

Please stay indoors if possible and keep yourselves updated on local news.

Let's also pray for those who are severely affected by Typhoon Carina.
Â 
#CarinaPH #TyphoonCarina",Jul 23,2024-07-24T01:40:34.000Z
Youth Advocates for Climate Action Philippines,@YACAPhilippines,"https://pbs.twimg.com/ext_tw_video_thumb/1816841276156968960/pu/img/K7RofuDC7VKgRAlr.jpg, https://pbs.twimg.com/ext_tw_video_thumb/1816841276156968960/pu/img/K7RofuDC7VKgRAlr.jpg, https://pbs.twimg.com/ext_tw_video_thumb/1816841276156968960/pu/img/K7RofuDC7VKgRAlr.jpg",,3,1,181,https://x.com/YACAPhilippines/status/1816841312303481141,https://x.com/YACAPhilippines,"DAY 3 of relief operations!  Along with @CEC_Phils , @AghamNasyunal and @KalikasanPNE we were able to donate another 200 meals to residents affected by #TyphoonCarina.

We are still accepting monetary donations so that relief operations continue! 

#ClimateJusticeNow
#ReliefPH",Jul 26,2024-07-26T14:21:38.000Z
â€§â‚ŠËš â‹…chi â‚ŠËšà·†,@chilovesbini,"https://pbs.twimg.com/media/GTRVWuMaYAI9TZp?format=jpg&name=small, https://pbs.twimg.com/media/GTRVWuMaYAI9TZp?format=jpg&name=small",32,12,5,4.4K,https://x.com/chilovesbini/status/1816170404005937295,https://x.com/chilovesbini,"RETWEET  PLEASE HELP AND SAVE THEM! Wala pong contact, lahat po lowbatt na. 7 PEOPLE TRAPPED, 1 NEWBORN AND 1 SENIOR CITIZEN. 

Location: Reyes Apartment A Luna St. Brgy Salapan San Juan City

#CarinaPH #RescuePH #Rescue #TyphoonCarina #BagyongCarina",Jul 24,2024-07-24T17:55:41.000Z
Children International,@children,"https://pbs.twimg.com/media/GTWgs78XQAAx2Bq?format=jpg&name=small, https://pbs.twimg.com/media/GTWgs78XQAAx2Bq?format=jpg&name=small",,1,1,181,https://x.com/children/status/1816534720378728550,https://x.com/children,"Children International is aware of #TyphoonGaemi, also known as #TyphoonCarina, which hit Manila on Wednesday. Our hearts go out to all who have been impacted. We are working closely with our staff in the Philippines to ensure the wellbeing of the youth we serve and our CI staff.",Jul 25,2024-07-25T18:03:21.000Z
PhilNews,@PhilNews247,,6,20,,2.7K,https://x.com/PhilNews247/status/1816305163164082531,https://x.com/PhilNews247,"Pinuri ng netizens ang pagiging consistent ni Gerald Anderson sa pagtulong sa panahon ng bagyo, tulad ng ginawa niya noong bagyong Ondoy at ngayon naman sa bagyong Carina. 

#GeraldAnderson #TyphoonCarina",Jul 24,2024-07-25T02:51:10.000Z
The Peninsula Qatar,@PeninsulaQatar,"https://pbs.twimg.com/media/GTR_FzmXkAA6SOh?format=jpg&name=360x360, https://pbs.twimg.com/media/GTR_FzmXkAA6SOh?format=jpg&name=360x360",12,57,2,6.1K,https://x.com/PeninsulaQatar/status/1816235660774146280,https://x.com/PeninsulaQatar,"NO ONE GETS LEFT BEHIND! Responders scrambled to rescue trapped pets amid the heavy flooding in Manila due to Typhoon Gaemi, known as Typhoon Carina in the Philippines. (Photos: Manila DRRM Office)
 https://s.thepeninsula.qa/nbjxum

#Philippines #Manila #TyphoonCarina #TyphoonGaemi",Jul 24,2024-07-24T22:15:00.000Z
Bayanihan Today,@BayanihanToday,"https://pbs.twimg.com/media/GT4mDrRbwAIPzJo?format=jpg&name=small, https://pbs.twimg.com/media/GT4mDrRbwAIPzJo?format=jpg&name=small",,4,,59,https://x.com/BayanihanToday/status/1818933382996541828,https://x.com/BayanihanToday,"Itâ€™s heartwarming to see such generous support from the UAE for the victims of Typhoon Carina.
With 80 tons of relief goods arriving, it's clear that the UAE's support will make a significant difference in the recovery efforts.
#HumanitarianAid #Philippines #UAE #TyphoonCarina",Aug 1,2024-08-01T08:54:47.000Z
Ateneo Press,@ateneopress,"https://pbs.twimg.com/media/GTTE79saYAQ7UJD?format=jpg&name=small, https://pbs.twimg.com/media/GTTE79saYAQ7UJD?format=jpg&name=small",1,4,,232,https://x.com/ateneopress/status/1816293091453853794,https://x.com/ateneopress,"ğ—”ğ—¡ğ—¡ğ—¢ğ—¨ğ—¡ğ—–ğ—˜ğ— ğ—˜ğ—¡ğ—§

The Ateneo Press bookshop, Shopee and Lazada stores are ğ—–ğ—Ÿğ—¢ğ—¦ğ—˜ğ—— due to #TyphoonCarina. 

Regular business operations will resume as soon as it is safe enough to do so. Please stay tuned for updates.

Stay safe and dry!",Jul 24,2024-07-25T02:03:12.000Z
UAE BARQ,@UAE_BARQ_EN,https://pbs.twimg.com/media/GT5NyyPWEAA89YM?format=jpg&name=small,,4,2,528,https://x.com/UAE_BARQ_EN/status/1818976889697886338,https://x.com/UAE_BARQ_EN,"Under directives of #UAEPresident, #UAE dispatches aid plane to Philippines in response to #TyphoonCarina. 

#UAE_BARQ_EN",Aug 1,2024-08-01T11:47:40.000Z
Philippine Daily Inquirer,@phildailyinq,"https://pbs.twimg.com/media/GTyNa2AbEAAEXZJ?format=jpg&name=small, https://pbs.twimg.com/media/GTyNa2AbEAAEXZJ?format=jpg&name=small",1,1,,187,https://x.com/phildailyinq/status/1818483973909348440,https://x.com/phildailyinq,"#ğ—¤ğ˜‚ğ—²ğ˜€ğ˜ğ—¶ğ—¼ğ—»ğ—§ğ—µğ—²ğ—•ğ—¼ğ˜…: ğ—•ğ—²ğ˜†ğ—¼ğ—»ğ—± â€˜ğ—³ğ—®ğ—°ğ˜ğ˜€â€™, ğ—¯ğ˜† ğ—œğ—»ğ—²ğ˜‡ ğ—£ğ—¼ğ—»ğ—°ğ—² ğ—±ğ—² ğ—¹ğ—²ğ—¼ğ—»

Read more: https://opinion.inquirer.net/175627/beyond-factsâ€¦

#PhilippineDailyInquirer #InquirerOpinion #INQPlus #InezPonceDeLeon #TyphoonCarina",Jul 30,2024-07-31T03:08:59.000Z
hourly sungchan,@hourlysungchan,,,1,,491,https://x.com/hourlysungchan/status/1816232953946726671,https://x.com/hourlysungchan,I will be stopping my tweets for a while and will retweet about #TyphoonCarina.,Jul 24,2024-07-24T22:04:14.000Z
The Wallflower,@potatojin16,"https://pbs.twimg.com/media/GTWIqkXakAALo1P?format=jpg&name=small, https://pbs.twimg.com/media/GTWIqkXakAALo1P?format=jpg&name=small",6,7,1,275,https://x.com/potatojin16/status/1816599655087768058,https://x.com/potatojin16,"PLEASE Retweet  Pls give sum Food/Rice/Eggs/Essentials & Catfood pls  TYSM
I  have Shopee (idk if it has wishlist ) 
pp: http://paypal.me/donnajean92 

#TyphoonCarina #help #Philippines",Jul 25,2024-07-25T22:21:23.000Z
Philippine Daily Inquirer,@phildailyinq,"https://pbs.twimg.com/media/GTZA05eaYAA2biH?format=jpg&name=small, https://pbs.twimg.com/media/GTZA05eaYAA2biH?format=jpg&name=small",,1,,45,https://x.com/phildailyinq/status/1816710786649325809,https://x.com/phildailyinq,"#ğ—Ÿğ—¼ğ—¼ğ—¸ğ—¶ğ—»ğ—´ğ—•ğ—®ğ—°ğ—¸: ğ—§ğ˜†ğ—½ğ—µğ—¼ğ—¼ğ—»ğ˜€: ğ—§ğ—µğ—² ğ—³ğ˜‚ğ˜ğ˜‚ğ—¿ğ—² ğ—¼ğ—³ ğ—µğ—¶ğ˜€ğ˜ğ—¼ğ—¿ğ˜†, ğ—¯ğ˜† ğ—”ğ—ºğ—¯ğ—²ğ˜ğ—µ ğ—¥. ğ—¢ğ—°ğ—®ğ—ºğ—½ğ—¼

Read more: https://opinion.inquirer.net/175467/typhoons-the-future-of-historyâ€¦

#PhilippineDailyInquirer #InquirerOpinion #TyphoonCarina #History #INQPlus",Jul 25,2024-07-26T05:42:59.000Z
Queer Safe Spaces â„¢,@queersafespaces,"https://pbs.twimg.com/media/GTyKsB3bYAA2vCi?format=jpg&name=small, https://pbs.twimg.com/media/GTyKsB3bYAA2vCi?format=jpg&name=small",,2,,63,https://x.com/queersafespaces/status/1818480842379059582,https://x.com/queersafespaces,"Queer Safe Spaces donated 840 bottles of water to ""Isang Bigkis: Typhoon Carina Relief Operation Drive,"" organized by San Bigkis Party.

Join us in supporting their relief effort: https://facebook.com/share/p/eJChPGZ7NT6ZMfj8/?mibextid=oFDknkâ€¦

#CarinaPH #TyphoonCarina #QueerSafeSpaces

(Poster: San Bigkis Party)",Jul 30,2024-07-31T02:56:33.000Z
World Vision PH,@worldvisionph,"https://pbs.twimg.com/media/GTYxv0yW4AAtn7-?format=jpg&name=small, https://pbs.twimg.com/media/GTYxv0yW4AAtn7-?format=jpg&name=small",1,2,,113,https://x.com/worldvisionph/status/1816694199984550203,https://x.com/worldvisionph,"Take comfort in knowing you are under His protective care, a safe haven where His faithfulness shields you from harm.

#TyphoonCarina #CarinaPH #WorldVisionPH",Jul 25,2024-07-26T04:37:04.000Z
WhatALife!,@whatalifePH,"https://pbs.twimg.com/media/GUhhMcEXkAAHy4A?format=jpg&name=small, https://pbs.twimg.com/media/GUhhMcEXkAAHy4A?format=jpg&name=small",2,6,,220,https://x.com/whatalifePH/status/1821812984685228404,https://x.com/whatalifePH,"Gerald was awarded the Philippine Coast Guard (PCG) Auxiliary Search and Rescue Medal and Ribbon for his efforts during the onslaught of Typhoon 'Carina.'

READ full story here: https://whatalife.ph/gerald-anderson-receives-pcg-medal.../â€¦

#geraldanderson #geraldandersonrescue #PCG #typhooncarina",Aug 9,2024-08-09T07:37:17.000Z
World Vision PH,@worldvisionph,"https://pbs.twimg.com/media/GTiTSI2XAAA2HNr?format=jpg&name=360x360, https://pbs.twimg.com/media/GTiTSI2XAAA2HNr?format=jpg&name=360x360",1,1,,113,https://x.com/worldvisionph/status/1817364398568010030,https://x.com/worldvisionph,"ğ–ğ¨ğ«ğ¥ğ ğ•ğ¢ğ¬ğ¢ğ¨ğ§ ğ‡ğğ¥ğ©ğ¬ ğ…ğšğ¦ğ¢ğ¥ğ¢ğğ¬ ğğ«ğğ©ğšğ«ğ ğŸğ¨ğ« ğğšğ­ğ®ğ«ğšğ¥ ğƒğ¢ğ¬ğšğ¬ğ­ğğ«ğ¬ ğ°ğ¢ğ­ğ¡ ğ„ğ¦ğğ«ğ ğğ§ğœğ² ğŠğ¢ğ­ğ¬

Read more: https://worldvision.org.ph/10-reasons-why-emergency-kits-are-essential/â€¦

#TyphoonCarina #CarinaPH #Bayanihan #WorldVisionPH",Jul 27,2024-07-28T01:00:12.000Z
Strange Weather,@Psilocyndrome,"https://pbs.twimg.com/media/GTeNS13agAMB16t?format=jpg&name=360x360, https://pbs.twimg.com/media/GTeNS13agAMB16t?format=jpg&name=360x360",1,30,,657,https://x.com/Psilocyndrome/status/1817076360239808618,https://x.com/Psilocyndrome,"busy salvaging
emotions
i badly need
rest or rations

#vss365 #poem #poetry #WritingCommunity #BagyongCarina #TyphoonCarina #vssprompt #vsspoem #vss #busy",Jul 26,2024-07-27T05:55:38.000Z
The Peninsula Qatar,@PeninsulaQatar,https://pbs.twimg.com/media/GTUxcwlWgAAZq_n?format=jpg&name=360x360,,,,408,https://x.com/PeninsulaQatar/status/1816443282039198071,https://x.com/PeninsulaQatar,"Despite having experienced flooding in the past, Manila street vendor Zenaida Cuerda thought she would avoid it this time.

""Everything was so sudden. We're now back to zero. It's always like this."" Photos: AFP

Read here: https://s.thepeninsula.qa/nbjxxm
#TyphoonCarina #Manila",Jul 25,2024-07-25T12:00:00.000Z
Philippine Daily Inquirer,@phildailyinq,"https://pbs.twimg.com/media/GT8a_k9XoAA1KeL?format=jpg&name=small, https://pbs.twimg.com/media/GT8a_k9XoAA1KeL?format=jpg&name=small",,,,44,https://x.com/phildailyinq/status/1819203691351847248,https://x.com/phildailyinq,"No cohesive flood control master plan â€“ DPWH

Read more: https://newsinfo.inquirer.net/1968592/no-cohesive-flood-control-master-plan-dpwh#ixzz8hiAILAoDâ€¦

Need your daily e-paper? Subscribe here: http://inq.news/inqplus

#PhilippineDailyInquirer #INQPlus #NewsPH #TyphoonCarina #DPWH

 Photo by Marianne Bermudez",Aug 1,2024-08-02T02:48:53.000Z
World Vision PH,@worldvisionph,"https://pbs.twimg.com/media/GU6tTp_WkAA_lo0?format=jpg&name=360x360, https://pbs.twimg.com/media/GU6tTp_WkAA_lo0?format=jpg&name=360x360",1,1,,106,https://x.com/worldvisionph/status/1823585463266922699,https://x.com/worldvisionph,"LOOK: Our long-term corporate partner, @ProcterGamble, generously donated a variety of hygiene items to support our fellow Filipinos affected by Typhoon Carina. A big thank you for your unwavering support to our kababayans!

#TyphoonCarina #Bayanihan
#WeAreWorldVision #DapatReady",Aug 13,2024-08-14T05:00:29.000Z
Stefanie Arianne ã‚¹ãƒ†ãƒ•ã‚¡ãƒ‹ãƒ¼ã‚¢ãƒªã‚¢ãƒ³,@StefArianne,,,3,,107,https://x.com/StefArianne/status/1816511044371804527,https://x.com/StefArianne,"Prayers to the ones that are affected by #TyphoonCarina  

Please check on your friends and family to ensure theyâ€™re safe.",Jul 25,2024-07-25T16:29:16.000Z
Philippine Daily Inquirer,@phildailyinq,"https://pbs.twimg.com/media/GTY_Cu1agAIbTIT?format=jpg&name=small, https://pbs.twimg.com/media/GTY_Cu1agAIbTIT?format=jpg&name=small",,1,,40,https://x.com/phildailyinq/status/1816708828353954209,https://x.com/phildailyinq,"Kennon, other Cordillera roads still closed due to slides

Read more: https://newsinfo.inquirer.net/1965861/kennon-other-cordillera-roads-still-closed-due-to-slides#ixzz8h3vjmonLâ€¦

Need your daily e-paper? Subscribe here: http://inq.news/inqplus

#PhilippineDailyInquirer #INQPlus #NewsPH #TyphoonCarina #Cordillera #Kennon

 Photo from Philippine Coast Guard",Jul 25,2024-07-26T05:35:12.000Z
UAE Forsan,@UAE_Forsan,"https://pbs.twimg.com/media/GTQFSKUXwAA_suH?format=jpg&name=small, https://pbs.twimg.com/media/GTQFSKUXwAA_suH?format=jpg&name=small",,,,145,https://x.com/UAE_Forsan/status/1816088444591813086,https://x.com/UAE_Forsan,"#UAE President, VPs Offer Condolences to President of #Philippines on #TyphoonCarina Victims 
@MohamedBinZayed 
@HHShkMohd 
@HHMansoor 
@bongbongmarcos  
@UAEinManila 
@PHinUAE",Jul 24,2024-07-24T12:30:01.000Z
Climate Centre,@RCClimate,"https://pbs.twimg.com/media/GWJHN_oWsAI26L4?format=jpg&name=small, https://pbs.twimg.com/media/GWJHN_oWsAI26L4?format=jpg&name=small",8,15,,1.2K,https://x.com/RCClimate/status/1829105190902874451,https://x.com/RCClimate,".@WWAttribution today: #climatechange intensified rainfall associated w #typhooncarina (Gaemi) in W #Pacific last yr by up to 14%; pic, @philredcross aquatic rescue team wades thru floods to rescue residents in City of Valenzuela in NCR just N of #Manila - http://bit.ly/3z5ESCY",Aug 29,2024-08-29T10:33:55.000Z
IOM Philippines,@IOM_Philippines,https://pbs.twimg.com/media/GTZy9nka0AAc7wT?format=jpg&name=small,7,8,,376,https://x.com/IOM_Philippines/status/1816766110466998628,https://x.com/IOM_Philippines,"IOM is supporting the Government of the Philippines to assist communities affected by #TyphoonCarina. IOM is working with @DSWDserves and @DHSUDGovPH to address the CCCM, shelter, NFI and health needs of displaced families.",Jul 26,2024-07-26T09:22:49.000Z
IOM Philippines,@IOM_Philippines,"https://pbs.twimg.com/media/GTZy9nka0AAc7wT?format=jpg&name=small, https://pbs.twimg.com/media/GTZy9nka0AAc7wT?format=jpg&name=small",7,8,,376,https://x.com/IOM_Philippines/status/1816766110466998628,https://x.com/IOM_Philippines,"IOM is supporting the Government of the Philippines to assist communities affected by #TyphoonCarina. IOM is working with @DSWDserves and @DHSUDGovPH to address the CCCM, shelter, NFI and health needs of displaced families.",Jul 26,2024-07-26T09:22:49.000Z
UN News,@UN_News_Centre,,11,11,,3K,https://x.com/UN_News_Centre/status/1816947263949947143,https://x.com/UN_News_Centre,"Oil tanker sinks, hundreds of thousands affected as #TyphoonGaemi/#TyphoonCarina together with strong southwest monsoons lash Philippines, inc. capital region Metro Manila",Jul 26,2024-07-26T21:22:39.000Z
IOM Philippines,@IOM_Philippines,"https://pbs.twimg.com/media/GT4kdzMaQAE5o2H?format=jpg&name=small, https://pbs.twimg.com/media/GT4kdzMaQAE5o2H?format=jpg&name=small",3,6,,306,https://x.com/IOM_Philippines/status/1818933015768436987,https://x.com/IOM_Philippines,"IOM distributed 1,000 modular tents to #TyphoonCarina-affected families in Montalban and San Mateo, Rizal. With support from the Government of Australia andÂ @usaid_manila, IOM worked with @DSWDserves and @DSHUDGovPH to provide immediate assistance to displaced populations.",Aug 1,2024-08-01T08:53:19.000Z
EmbaMexFil,@EmbaMexFil,"https://pbs.twimg.com/media/GTZqDA3agAUPluy?format=jpg&name=small, https://pbs.twimg.com/media/GTZqDA3agAUPluy?format=jpg&name=small",1,2,,129,https://x.com/EmbaMexFil/status/1816756965907091912,https://x.com/EmbaMexFil,"TheEmbassy expresses its solidarity with the Government & people of thefor the damage caused by #TyphoonCarina and its condolences for the loss of human lives. @EmbaMexFil wishes thea speedy recovery and recognises the strength and resilience of this country
@DFAPHL @SRE_mx",Jul 26,2024-07-26T08:46:29.000Z
EUinthePhilippines,@EUinthePH,,3,6,2,338,https://x.com/EUinthePH/status/1816353370023813189,https://x.com/EUinthePH,The #EUinthePhilippines offers its sincerest sympathy to all those who have been affected by #TyphoonCarina. We stand in solidarity with the Filipino people as the  has mobilized its ECHO humanitarian aid expert to look into the damages brought about by the typhoon.,Jul 24,2024-07-25T06:02:44.000Z
ARN News Centre,@ARNNewsCentre,,,,,64,https://x.com/ARNNewsCentre/status/1818991949270937815,https://x.com/ARNNewsCentre,"Under the directives of President H.H. Sheikh @MohamedBinZayed, the #UAE has dispatched a plane carrying relief aid to the #Philippines to support those affected by landslides and floods caused by #TyphoonCarina.",Aug 1,2024-08-01T12:47:30.000Z
Cathy Frey,@Cathy_Frey,,1,2,1,130,https://x.com/Cathy_Frey/status/1816427023801417775,https://x.com/Cathy_Frey,"Guys, baka may kakilala kayo nasalanta ng bagyong Carina na need ng dual stove burner. Bigay ko nalang un nandito sa bahay. Bumili na kasi ako ng bago so un luma ipamigay ko nalang kesa itapon. #Carina #CarinaPh  #TyphoonCarina",Jul 25,2024-07-25T10:55:24.000Z
Virlanie Foundation,@Virlanie,"https://pbs.twimg.com/media/GULgBfmXwAAtRjC?format=jpg&name=small, https://pbs.twimg.com/media/GULgBfmXwAAtRjC?format=jpg&name=small",,,,42,https://x.com/Virlanie/status/1820263518328820085,https://x.com/Virlanie,"2,500 families affected by Typhoon Carina in Quezon City, Manila, and Bulacan received relief packs from Virlanie Foundation through the help of the Ayala Foundation. To donate, visit http://virlanie.org/donate  #AyalaFoundation #VirlanieFoundation #TyphoonCarina",Aug 4,2024-08-05T01:00:16.000Z
Dubai Eye 103.8FM,@DubaiEye1038FM,,,,,125,https://x.com/DubaiEye1038FM/status/1818993750711865704,https://x.com/DubaiEye1038FM,"Under the directives of President H.H. Sheikh @MohamedBinZayed, the #UAE has dispatched a plane carrying relief aid to the #Philippines to support those affected by landslides and floods caused by #TyphoonCarina.",Aug 1,2024-08-01T12:54:40.000Z
TheBrewNews,@TheBrewAE,,,1,,26,https://x.com/TheBrewAE/status/1819719339085267371,https://x.com/TheBrewAE,"UAE dispatches aid plane to Philippines in response to Typhoon Carina.
@UAEAid @OFMUAE @TheEmirates
#LetsBrewIt #BrewIt #TheBrewNews #UAE #Dubai #HumanitarianAid #Philippines #TyphoonCarina #ReliefEfforts #UAEforPhilippines",Aug 3,2024-08-03T12:57:53.000Z
Insular Life,@Insular_Life,,,1,,30,https://x.com/Insular_Life/status/1822156672694911423,https://x.com/Insular_Life,"Insular Foundation aids 160 typhoon-hit families in San Mateo, Rizal, through food pack distribution, in partnership with PhilRADS. This initiative supports those affected by Super Typhoon Carina's severe flooding.

#InLifeFoundation #typhooncarina",Aug 9,2024-08-10T06:22:59.000Z
Derek Van Dam,@VanDamCNN,"https://pbs.twimg.com/media/GTRwqJvXEAApH79?format=jpg&name=900x900, https://pbs.twimg.com/media/GTRwqJvXEAApH79?format=jpg&name=900x900",,1,,746,https://x.com/VanDamCNN/status/1816200425680560328,https://x.com/VanDamCNN,"And for my fellow #JournoPhish, you can clearly see what I was listening to while typing this tweet. Misspelled the local Philippine name for this typhoon. Meant to say #TyphoonCarina not â€œCariniâ€",Jul 24,2024-07-24T19:54:59.000Z
Universal Postal Union,@UPU_UN,"https://pbs.twimg.com/media/GU7V0VlWEAIjGRC?format=jpg&name=360x360, https://pbs.twimg.com/media/GU7V0VlWEAIjGRC?format=jpg&name=360x360",,5,,220,https://x.com/UPU_UN/status/1823631532231143729,https://x.com/UPU_UN,"#Philippine Post delivers essential #aid to #TyphoonCarina victims in #Marikina

In partnership with @dswdserves, @PostOfficePH provided logistics support to expedite the distribution of 3,050 #relief packs & offered its facilities as shelters for the affected communities",Aug 14,2024-08-14T08:03:33.000Z
GoodNewsPilipinas.com,@GoodNewsPinas_,,,,,43,https://x.com/GoodNewsPinas_/status/1819189618702799062,https://x.com/GoodNewsPinas_,"Over 50,000 families are still in shelters after Super Typhoon Carina, but that's not the whole story. Discover the incredible efforts of volunteers, companies, and communities rallying together! @MasungiGeo #Philippines #TyphoonCarina https://goodnewspilipinas.com/volunteer-relief-efforts-continue-in-the-philippines-following-super-typhoon-carina/â€¦ via @GoodNewsPinas_",Aug 1,2024-08-02T01:52:58.000Z
USAID Philippines,@usaid_manila,"https://pbs.twimg.com/media/GVqUz8RXAAAmWjJ?format=jpg&name=360x360, https://pbs.twimg.com/media/GVqUz8RXAAAmWjJ?format=jpg&name=360x360",1,2,,133,https://x.com/usaid_manila/status/1826936221374861673,https://x.com/usaid_manila,".@USAID and partners @EndHungerPH, @CAREphl, and @ACCORD_Inc, provided essential water, sanitation, and hygiene supplies, and cash assistance to households impacted by #TyphoonCarina in Brgy. Burgos, Candon City, Ilocos Sur.  #CarinaPH #Gaemi",Aug 23,2024-08-23T10:55:12.000Z
